,,,Before Mutation,,,,,After Mutation
Mutant Filename,Mutation Operator,Start Line#,Start Col#,End Line#,End Col#,Target Token,Start Line#,Start Col#,End Line#,End Col#,Mutated Token,Extra Info
BinaryGlobal.MUT1.c,VGSR,14,5,14,8,low,14,5,14,10,count,,binary
BinaryGlobal.MUT2.c,VLSR,14,5,14,8,low,14,5,14,8,key,,binary
BinaryGlobal.MUT3.c,VLSR,14,5,14,8,low,14,5,14,9,high,,binary
BinaryGlobal.MUT4.c,VLSR,14,5,14,8,low,14,5,14,8,mid,,binary
BinaryGlobal.MUT5.c,OEAA,14,9,14,10,=,14,9,14,11,%=,=%=,binary
BinaryGlobal.MUT6.c,OEAA,14,9,14,10,=,14,9,14,11,*=,=*=,binary
BinaryGlobal.MUT7.c,OEAA,14,9,14,10,=,14,9,14,11,+=,=+=,binary
BinaryGlobal.MUT8.c,OEAA,14,9,14,10,=,14,9,14,11,-=,=-=,binary
BinaryGlobal.MUT9.c,OEAA,14,9,14,10,=,14,9,14,11,/=,=/=,binary
BinaryGlobal.MUT10.c,CGCR,14,11,14,12,0,14,11,14,12,5,,binary
BinaryGlobal.MUT11.c,CLCR,14,11,14,12,0,14,11,14,12,1,,binary
BinaryGlobal.MUT12.c,CLCR,14,11,14,12,0,14,11,14,12,2,,binary
BinaryGlobal.MUT13.c,VGSR,15,5,15,9,high,15,5,15,10,count,,binary
BinaryGlobal.MUT14.c,VLSR,15,5,15,9,high,15,5,15,8,key,,binary
BinaryGlobal.MUT15.c,VLSR,15,5,15,9,high,15,5,15,8,low,,binary
BinaryGlobal.MUT16.c,VLSR,15,5,15,9,high,15,5,15,8,mid,,binary
BinaryGlobal.MUT17.c,OEAA,15,10,15,11,=,15,10,15,12,%=,=%=,binary
BinaryGlobal.MUT18.c,OEAA,15,10,15,11,=,15,10,15,12,*=,=*=,binary
BinaryGlobal.MUT19.c,OEAA,15,10,15,11,=,15,10,15,12,+=,=+=,binary
BinaryGlobal.MUT20.c,OEAA,15,10,15,11,=,15,10,15,12,-=,=-=,binary
BinaryGlobal.MUT21.c,OEAA,15,10,15,11,=,15,10,15,12,/=,=/=,binary
BinaryGlobal.MUT22.c,CGSR,15,12,15,17,count,15,12,15,13,5,,binary
BinaryGlobal.MUT23.c,CLSR,15,12,15,17,count,15,12,15,13,0,,binary
BinaryGlobal.MUT24.c,CLSR,15,12,15,17,count,15,12,15,13,1,,binary
BinaryGlobal.MUT25.c,CLSR,15,12,15,17,count,15,12,15,13,2,,binary
BinaryGlobal.MUT26.c,CRCR,15,12,15,17,count,15,12,15,16,(-1),-1,binary
BinaryGlobal.MUT27.c,CRCR,15,12,15,17,count,15,12,15,15,(0),0,binary
BinaryGlobal.MUT28.c,CRCR,15,12,15,17,count,15,12,15,15,(1),1,binary
BinaryGlobal.MUT29.c,CRCR,15,12,15,17,count,15,12,15,22,(2147483647),max,binary
BinaryGlobal.MUT30.c,CRCR,15,12,15,17,count,15,12,15,22,(-2147483648),min,binary
BinaryGlobal.MUT31.c,VLSR,15,12,15,17,count,15,12,15,15,key,,binary
BinaryGlobal.MUT32.c,VLSR,15,12,15,17,count,15,12,15,15,low,,binary
BinaryGlobal.MUT33.c,VLSR,15,12,15,17,count,15,12,15,16,high,,binary
BinaryGlobal.MUT34.c,VLSR,15,12,15,17,count,15,12,15,15,mid,,binary
BinaryGlobal.MUT35.c,VTWD,15,12,15,17,count,15,12,15,21,(count+1),plus,binary
BinaryGlobal.MUT36.c,VTWD,15,12,15,17,count,15,12,15,21,(count-1),minus,binary
BinaryGlobal.MUT37.c,OAAN,15,18,15,19,-,15,18,15,19,%,-%,binary
BinaryGlobal.MUT38.c,OAAN,15,18,15,19,-,15,18,15,19,*,-*,binary
BinaryGlobal.MUT39.c,OAAN,15,18,15,19,-,15,18,15,19,+,-+,binary
BinaryGlobal.MUT40.c,OAAN,15,18,15,19,-,15,18,15,19,/,-/,binary
BinaryGlobal.MUT41.c,CGCR,15,20,15,21,1,15,20,15,21,5,,binary
BinaryGlobal.MUT42.c,CLCR,15,20,15,21,1,15,20,15,21,0,,binary
BinaryGlobal.MUT43.c,CLCR,15,20,15,21,1,15,20,15,21,2,,binary
BinaryGlobal.MUT44.c,CGSR,16,12,16,15,low,16,12,16,13,5,,binary
BinaryGlobal.MUT45.c,CLSR,16,12,16,15,low,16,12,16,13,0,,binary
BinaryGlobal.MUT46.c,CLSR,16,12,16,15,low,16,12,16,13,1,,binary
BinaryGlobal.MUT47.c,CLSR,16,12,16,15,low,16,12,16,13,2,,binary
BinaryGlobal.MUT48.c,CRCR,16,12,16,15,low,16,12,16,16,(-1),-1,binary
BinaryGlobal.MUT49.c,CRCR,16,12,16,15,low,16,12,16,15,(0),0,binary
BinaryGlobal.MUT50.c,CRCR,16,12,16,15,low,16,12,16,15,(1),1,binary
BinaryGlobal.MUT51.c,CRCR,16,12,16,15,low,16,12,16,24,(2147483647),max,binary
BinaryGlobal.MUT52.c,CRCR,16,12,16,15,low,16,12,16,24,(-2147483648),min,binary
BinaryGlobal.MUT53.c,VGSR,16,12,16,15,low,16,12,16,17,count,,binary
BinaryGlobal.MUT54.c,VLSR,16,12,16,15,low,16,12,16,15,key,,binary
BinaryGlobal.MUT55.c,VLSR,16,12,16,15,low,16,12,16,16,high,,binary
BinaryGlobal.MUT56.c,VLSR,16,12,16,15,low,16,12,16,15,mid,,binary
BinaryGlobal.MUT57.c,VTWD,16,12,16,15,low,16,12,16,19,(low+1),plus,binary
BinaryGlobal.MUT58.c,VTWD,16,12,16,15,low,16,12,16,19,(low-1),minus,binary
BinaryGlobal.MUT59.c,ORRN,16,16,16,18,<=,16,16,16,18,!=,<=!=,binary
BinaryGlobal.MUT60.c,ORRN,16,16,16,18,<=,16,16,16,17,<,<=<,binary
BinaryGlobal.MUT61.c,ORRN,16,16,16,18,<=,16,16,16,18,==,<===,binary
BinaryGlobal.MUT62.c,ORRN,16,16,16,18,<=,16,16,16,17,>,<=>,binary
BinaryGlobal.MUT63.c,ORRN,16,16,16,18,<=,16,16,16,18,>=,<=>=,binary
BinaryGlobal.MUT64.c,CGSR,16,19,16,23,high,16,19,16,20,5,,binary
BinaryGlobal.MUT65.c,CLSR,16,19,16,23,high,16,19,16,20,0,,binary
BinaryGlobal.MUT66.c,CLSR,16,19,16,23,high,16,19,16,20,1,,binary
BinaryGlobal.MUT67.c,CLSR,16,19,16,23,high,16,19,16,20,2,,binary
BinaryGlobal.MUT68.c,CRCR,16,19,16,23,high,16,19,16,23,(-1),-1,binary
BinaryGlobal.MUT69.c,CRCR,16,19,16,23,high,16,19,16,22,(0),0,binary
BinaryGlobal.MUT70.c,CRCR,16,19,16,23,high,16,19,16,22,(1),1,binary
BinaryGlobal.MUT71.c,CRCR,16,19,16,23,high,16,19,16,24,(2147483647),max,binary
BinaryGlobal.MUT72.c,CRCR,16,19,16,23,high,16,19,16,24,(-2147483648),min,binary
BinaryGlobal.MUT73.c,VGSR,16,19,16,23,high,16,19,16,24,count,,binary
BinaryGlobal.MUT74.c,VLSR,16,19,16,23,high,16,19,16,22,key,,binary
BinaryGlobal.MUT75.c,VLSR,16,19,16,23,high,16,19,16,22,low,,binary
BinaryGlobal.MUT76.c,VLSR,16,19,16,23,high,16,19,16,22,mid,,binary
BinaryGlobal.MUT77.c,VTWD,16,19,16,23,high,16,19,16,24,(high+1),plus,binary
BinaryGlobal.MUT78.c,VTWD,16,19,16,23,high,16,19,16,24,(high-1),minus,binary
BinaryGlobal.MUT79.c,VGSR,18,9,18,12,mid,18,9,18,14,count,,binary
BinaryGlobal.MUT80.c,VLSR,18,9,18,12,mid,18,9,18,12,key,,binary
BinaryGlobal.MUT81.c,VLSR,18,9,18,12,mid,18,9,18,12,low,,binary
BinaryGlobal.MUT82.c,VLSR,18,9,18,12,mid,18,9,18,13,high,,binary
BinaryGlobal.MUT83.c,OEAA,18,13,18,14,=,18,13,18,15,%=,=%=,binary
BinaryGlobal.MUT84.c,OEAA,18,13,18,14,=,18,13,18,15,*=,=*=,binary
BinaryGlobal.MUT85.c,OEAA,18,13,18,14,=,18,13,18,15,+=,=+=,binary
BinaryGlobal.MUT86.c,OEAA,18,13,18,14,=,18,13,18,15,-=,=-=,binary
BinaryGlobal.MUT87.c,OEAA,18,13,18,14,=,18,13,18,15,/=,=/=,binary
BinaryGlobal.MUT88.c,CGSR,18,16,18,19,low,18,16,18,17,5,,binary
BinaryGlobal.MUT89.c,CLSR,18,16,18,19,low,18,16,18,17,0,,binary
BinaryGlobal.MUT90.c,CLSR,18,16,18,19,low,18,16,18,17,1,,binary
BinaryGlobal.MUT91.c,CLSR,18,16,18,19,low,18,16,18,17,2,,binary
BinaryGlobal.MUT92.c,CRCR,18,16,18,19,low,18,16,18,20,(-1),-1,binary
BinaryGlobal.MUT93.c,CRCR,18,16,18,19,low,18,16,18,19,(0),0,binary
BinaryGlobal.MUT94.c,CRCR,18,16,18,19,low,18,16,18,19,(1),1,binary
BinaryGlobal.MUT95.c,CRCR,18,16,18,19,low,18,16,18,28,(2147483647),max,binary
BinaryGlobal.MUT96.c,CRCR,18,16,18,19,low,18,16,18,29,(-2147483648),min,binary
BinaryGlobal.MUT97.c,VGSR,18,16,18,19,low,18,16,18,21,count,,binary
BinaryGlobal.MUT98.c,VLSR,18,16,18,19,low,18,16,18,19,key,,binary
BinaryGlobal.MUT99.c,VLSR,18,16,18,19,low,18,16,18,20,high,,binary
BinaryGlobal.MUT100.c,VLSR,18,16,18,19,low,18,16,18,19,mid,,binary
BinaryGlobal.MUT101.c,OAAN,18,20,18,21,+,18,20,18,21,%,+%,binary
BinaryGlobal.MUT102.c,OAAN,18,20,18,21,+,18,20,18,21,*,+*,binary
BinaryGlobal.MUT103.c,OAAN,18,20,18,21,+,18,20,18,21,-,+-,binary
BinaryGlobal.MUT104.c,OAAN,18,20,18,21,+,18,20,18,21,/,+/,binary
BinaryGlobal.MUT105.c,CGSR,18,22,18,26,high,18,22,18,23,5,,binary
BinaryGlobal.MUT106.c,CLSR,18,22,18,26,high,18,22,18,23,0,,binary
BinaryGlobal.MUT107.c,CLSR,18,22,18,26,high,18,22,18,23,1,,binary
BinaryGlobal.MUT108.c,CLSR,18,22,18,26,high,18,22,18,23,2,,binary
BinaryGlobal.MUT109.c,CRCR,18,22,18,26,high,18,22,18,26,(-1),-1,binary
BinaryGlobal.MUT110.c,CRCR,18,22,18,26,high,18,22,18,25,(0),0,binary
BinaryGlobal.MUT111.c,CRCR,18,22,18,26,high,18,22,18,25,(1),1,binary
BinaryGlobal.MUT112.c,CRCR,18,22,18,26,high,18,22,18,32,(2147483647),max,binary
BinaryGlobal.MUT113.c,CRCR,18,22,18,26,high,18,22,18,32,(-2147483648),min,binary
BinaryGlobal.MUT114.c,VGSR,18,22,18,26,high,18,22,18,27,count,,binary
BinaryGlobal.MUT115.c,VLSR,18,22,18,26,high,18,22,18,25,key,,binary
BinaryGlobal.MUT116.c,VLSR,18,22,18,26,high,18,22,18,25,low,,binary
BinaryGlobal.MUT117.c,VLSR,18,22,18,26,high,18,22,18,25,mid,,binary
BinaryGlobal.MUT118.c,VTWD,18,22,18,26,high,18,22,18,30,(high+1),plus,binary
BinaryGlobal.MUT119.c,VTWD,18,22,18,26,high,18,22,18,30,(high-1),minus,binary
BinaryGlobal.MUT120.c,OAAN,18,28,18,29,/,18,28,18,29,%,/%,binary
BinaryGlobal.MUT121.c,OAAN,18,28,18,29,/,18,28,18,29,*,/*,binary
BinaryGlobal.MUT122.c,OAAN,18,28,18,29,/,18,28,18,29,+,/+,binary
BinaryGlobal.MUT123.c,OAAN,18,28,18,29,/,18,28,18,29,-,/-,binary
BinaryGlobal.MUT124.c,CGCR,18,30,18,31,2,18,30,18,31,5,,binary
BinaryGlobal.MUT125.c,CLCR,18,30,18,31,2,18,30,18,31,0,,binary
BinaryGlobal.MUT126.c,CLCR,18,30,18,31,2,18,30,18,31,1,,binary
BinaryGlobal.MUT127.c,CGSR,19,13,19,16,key,19,13,19,14,5,,binary
BinaryGlobal.MUT128.c,CLSR,19,13,19,16,key,19,13,19,14,0,,binary
BinaryGlobal.MUT129.c,CLSR,19,13,19,16,key,19,13,19,14,1,,binary
BinaryGlobal.MUT130.c,CLSR,19,13,19,16,key,19,13,19,14,2,,binary
BinaryGlobal.MUT131.c,CRCR,19,13,19,16,key,19,13,19,17,(-1),-1,binary
BinaryGlobal.MUT132.c,CRCR,19,13,19,16,key,19,13,19,16,(0),0,binary
BinaryGlobal.MUT133.c,CRCR,19,13,19,16,key,19,13,19,16,(1),1,binary
BinaryGlobal.MUT134.c,CRCR,19,13,19,16,key,19,13,19,18,(127),max,binary
BinaryGlobal.MUT135.c,CRCR,19,13,19,16,key,19,13,19,19,(-128),min,binary
BinaryGlobal.MUT136.c,VGSR,19,13,19,16,key,19,13,19,18,count,,binary
BinaryGlobal.MUT137.c,VLSR,19,13,19,16,key,19,13,19,16,low,,binary
BinaryGlobal.MUT138.c,VLSR,19,13,19,16,key,19,13,19,17,high,,binary
BinaryGlobal.MUT139.c,VLSR,19,13,19,16,key,19,13,19,16,mid,,binary
BinaryGlobal.MUT140.c,VTWD,19,13,19,16,key,19,13,19,20,(key+1),plus,binary
BinaryGlobal.MUT141.c,VTWD,19,13,19,16,key,19,13,19,20,(key-1),minus,binary
BinaryGlobal.MUT142.c,ORRN,19,17,19,18,<,19,17,19,19,!=,<!=,binary
BinaryGlobal.MUT143.c,ORRN,19,17,19,18,<,19,17,19,19,<=,<<=,binary
BinaryGlobal.MUT144.c,ORRN,19,17,19,18,<,19,17,19,19,==,<==,binary
BinaryGlobal.MUT145.c,ORRN,19,17,19,18,<,19,17,19,18,>,<>,binary
BinaryGlobal.MUT146.c,ORRN,19,17,19,18,<,19,17,19,19,>=,<>=,binary
BinaryGlobal.MUT147.c,CRCR,19,19,19,28,item[mid],19,19,19,23,(-1),-1,binary
BinaryGlobal.MUT148.c,CRCR,19,19,19,28,item[mid],19,19,19,22,(0),0,binary
BinaryGlobal.MUT149.c,CRCR,19,19,19,28,item[mid],19,19,19,22,(1),1,binary
BinaryGlobal.MUT150.c,CRCR,19,19,19,28,item[mid],19,19,19,24,(127),max,binary
BinaryGlobal.MUT151.c,CRCR,19,19,19,28,item[mid],19,19,19,25,(-128),min,binary
BinaryGlobal.MUT152.c,VGSR,19,19,19,28,item[mid],19,19,19,24,count,,binary
BinaryGlobal.MUT153.c,VLSR,19,19,19,28,item[mid],19,19,19,22,key,,binary
BinaryGlobal.MUT154.c,VLSR,19,19,19,28,item[mid],19,19,19,22,low,,binary
BinaryGlobal.MUT155.c,VLSR,19,19,19,28,item[mid],19,19,19,23,high,,binary
BinaryGlobal.MUT156.c,VLSR,19,19,19,28,item[mid],19,19,19,22,mid,,binary
BinaryGlobal.MUT157.c,VTWD,19,19,19,28,item[mid],19,19,19,29,(item[mid]+1),plus,binary
BinaryGlobal.MUT158.c,VTWD,19,19,19,28,item[mid],19,19,19,29,(item[mid]-1),minus,binary
BinaryGlobal.MUT159.c,CGSR,19,24,19,27,mid,19,24,19,25,5,,binary
BinaryGlobal.MUT160.c,CLSR,19,24,19,27,mid,19,24,19,25,0,,binary
BinaryGlobal.MUT161.c,CLSR,19,24,19,27,mid,19,24,19,25,1,,binary
BinaryGlobal.MUT162.c,CLSR,19,24,19,27,mid,19,24,19,25,2,,binary
BinaryGlobal.MUT163.c,CRCR,19,24,19,27,mid,19,24,19,28,(-1),-1,binary
BinaryGlobal.MUT164.c,CRCR,19,24,19,27,mid,19,24,19,27,(0),0,binary
BinaryGlobal.MUT165.c,CRCR,19,24,19,27,mid,19,24,19,27,(1),1,binary
BinaryGlobal.MUT166.c,CRCR,19,24,19,27,mid,19,24,19,29,(2147483647),max,binary
BinaryGlobal.MUT167.c,CRCR,19,24,19,27,mid,19,24,19,29,(-2147483648),min,binary
BinaryGlobal.MUT168.c,VGSR,19,24,19,27,mid,19,24,19,29,count,,binary
BinaryGlobal.MUT169.c,VLSR,19,24,19,27,mid,19,24,19,27,key,,binary
BinaryGlobal.MUT170.c,VLSR,19,24,19,27,mid,19,24,19,27,low,,binary
BinaryGlobal.MUT171.c,VLSR,19,24,19,27,mid,19,24,19,28,high,,binary
BinaryGlobal.MUT172.c,VTWD,19,24,19,27,mid,19,24,19,29,(mid+1),plus,binary
BinaryGlobal.MUT173.c,VTWD,19,24,19,27,mid,19,24,19,29,(mid-1),minus,binary
BinaryGlobal.MUT174.c,VGSR,21,13,21,17,high,21,13,21,18,count,,binary
BinaryGlobal.MUT175.c,VLSR,21,13,21,17,high,21,13,21,16,key,,binary
BinaryGlobal.MUT176.c,VLSR,21,13,21,17,high,21,13,21,16,low,,binary
BinaryGlobal.MUT177.c,VLSR,21,13,21,17,high,21,13,21,16,mid,,binary
BinaryGlobal.MUT178.c,OEAA,21,18,21,19,=,21,18,21,20,%=,=%=,binary
BinaryGlobal.MUT179.c,OEAA,21,18,21,19,=,21,18,21,20,*=,=*=,binary
BinaryGlobal.MUT180.c,OEAA,21,18,21,19,=,21,18,21,20,+=,=+=,binary
BinaryGlobal.MUT181.c,OEAA,21,18,21,19,=,21,18,21,20,-=,=-=,binary
BinaryGlobal.MUT182.c,OEAA,21,18,21,19,=,21,18,21,20,/=,=/=,binary
BinaryGlobal.MUT183.c,CGSR,21,20,21,23,mid,21,20,21,21,5,,binary
BinaryGlobal.MUT184.c,CLSR,21,20,21,23,mid,21,20,21,21,0,,binary
BinaryGlobal.MUT185.c,CLSR,21,20,21,23,mid,21,20,21,21,1,,binary
BinaryGlobal.MUT186.c,CLSR,21,20,21,23,mid,21,20,21,21,2,,binary
BinaryGlobal.MUT187.c,CRCR,21,20,21,23,mid,21,20,21,24,(-1),-1,binary
BinaryGlobal.MUT188.c,CRCR,21,20,21,23,mid,21,20,21,23,(0),0,binary
BinaryGlobal.MUT189.c,CRCR,21,20,21,23,mid,21,20,21,23,(1),1,binary
BinaryGlobal.MUT190.c,CRCR,21,20,21,23,mid,21,20,21,28,(2147483647),max,binary
BinaryGlobal.MUT191.c,CRCR,21,20,21,23,mid,21,20,21,28,(-2147483648),min,binary
BinaryGlobal.MUT192.c,VGSR,21,20,21,23,mid,21,20,21,25,count,,binary
BinaryGlobal.MUT193.c,VLSR,21,20,21,23,mid,21,20,21,23,key,,binary
BinaryGlobal.MUT194.c,VLSR,21,20,21,23,mid,21,20,21,23,low,,binary
BinaryGlobal.MUT195.c,VLSR,21,20,21,23,mid,21,20,21,24,high,,binary
BinaryGlobal.MUT196.c,VTWD,21,20,21,23,mid,21,20,21,27,(mid+1),plus,binary
BinaryGlobal.MUT197.c,VTWD,21,20,21,23,mid,21,20,21,27,(mid-1),minus,binary
BinaryGlobal.MUT198.c,OAAN,21,24,21,25,-,21,24,21,25,%,-%,binary
BinaryGlobal.MUT199.c,OAAN,21,24,21,25,-,21,24,21,25,*,-*,binary
BinaryGlobal.MUT200.c,OAAN,21,24,21,25,-,21,24,21,25,+,-+,binary
BinaryGlobal.MUT201.c,OAAN,21,24,21,25,-,21,24,21,25,/,-/,binary
BinaryGlobal.MUT202.c,CGCR,21,26,21,27,1,21,26,21,27,5,,binary
BinaryGlobal.MUT203.c,CLCR,21,26,21,27,1,21,26,21,27,0,,binary
BinaryGlobal.MUT204.c,CLCR,21,26,21,27,1,21,26,21,27,2,,binary
BinaryGlobal.MUT205.c,CGSR,25,17,25,20,key,25,17,25,18,5,,binary
BinaryGlobal.MUT206.c,CLSR,25,17,25,20,key,25,17,25,18,0,,binary
BinaryGlobal.MUT207.c,CLSR,25,17,25,20,key,25,17,25,18,1,,binary
BinaryGlobal.MUT208.c,CLSR,25,17,25,20,key,25,17,25,18,2,,binary
BinaryGlobal.MUT209.c,CRCR,25,17,25,20,key,25,17,25,21,(-1),-1,binary
BinaryGlobal.MUT210.c,CRCR,25,17,25,20,key,25,17,25,20,(0),0,binary
BinaryGlobal.MUT211.c,CRCR,25,17,25,20,key,25,17,25,20,(1),1,binary
BinaryGlobal.MUT212.c,CRCR,25,17,25,20,key,25,17,25,22,(127),max,binary
BinaryGlobal.MUT213.c,CRCR,25,17,25,20,key,25,17,25,23,(-128),min,binary
BinaryGlobal.MUT214.c,VGSR,25,17,25,20,key,25,17,25,22,count,,binary
BinaryGlobal.MUT215.c,VLSR,25,17,25,20,key,25,17,25,20,low,,binary
BinaryGlobal.MUT216.c,VLSR,25,17,25,20,key,25,17,25,21,high,,binary
BinaryGlobal.MUT217.c,VLSR,25,17,25,20,key,25,17,25,20,mid,,binary
BinaryGlobal.MUT218.c,VTWD,25,17,25,20,key,25,17,25,24,(key+1),plus,binary
BinaryGlobal.MUT219.c,VTWD,25,17,25,20,key,25,17,25,24,(key-1),minus,binary
BinaryGlobal.MUT220.c,ORRN,25,21,25,22,>,25,21,25,23,!=,>!=,binary
BinaryGlobal.MUT221.c,ORRN,25,21,25,22,>,25,21,25,22,<,><,binary
BinaryGlobal.MUT222.c,ORRN,25,21,25,22,>,25,21,25,23,<=,><=,binary
BinaryGlobal.MUT223.c,ORRN,25,21,25,22,>,25,21,25,23,==,>==,binary
BinaryGlobal.MUT224.c,ORRN,25,21,25,22,>,25,21,25,23,>=,>>=,binary
BinaryGlobal.MUT225.c,CRCR,25,23,25,32,item[mid],25,23,25,27,(-1),-1,binary
BinaryGlobal.MUT226.c,CRCR,25,23,25,32,item[mid],25,23,25,26,(0),0,binary
BinaryGlobal.MUT227.c,CRCR,25,23,25,32,item[mid],25,23,25,26,(1),1,binary
BinaryGlobal.MUT228.c,CRCR,25,23,25,32,item[mid],25,23,25,28,(127),max,binary
BinaryGlobal.MUT229.c,CRCR,25,23,25,32,item[mid],25,23,25,29,(-128),min,binary
BinaryGlobal.MUT230.c,VGSR,25,23,25,32,item[mid],25,23,25,28,count,,binary
BinaryGlobal.MUT231.c,VLSR,25,23,25,32,item[mid],25,23,25,26,key,,binary
BinaryGlobal.MUT232.c,VLSR,25,23,25,32,item[mid],25,23,25,26,low,,binary
BinaryGlobal.MUT233.c,VLSR,25,23,25,32,item[mid],25,23,25,27,high,,binary
BinaryGlobal.MUT234.c,VLSR,25,23,25,32,item[mid],25,23,25,26,mid,,binary
BinaryGlobal.MUT235.c,VTWD,25,23,25,32,item[mid],25,23,25,33,(item[mid]+1),plus,binary
BinaryGlobal.MUT236.c,VTWD,25,23,25,32,item[mid],25,23,25,33,(item[mid]-1),minus,binary
BinaryGlobal.MUT237.c,CGSR,25,28,25,31,mid,25,28,25,29,5,,binary
BinaryGlobal.MUT238.c,CLSR,25,28,25,31,mid,25,28,25,29,0,,binary
BinaryGlobal.MUT239.c,CLSR,25,28,25,31,mid,25,28,25,29,1,,binary
BinaryGlobal.MUT240.c,CLSR,25,28,25,31,mid,25,28,25,29,2,,binary
BinaryGlobal.MUT241.c,CRCR,25,28,25,31,mid,25,28,25,32,(-1),-1,binary
BinaryGlobal.MUT242.c,CRCR,25,28,25,31,mid,25,28,25,31,(0),0,binary
BinaryGlobal.MUT243.c,CRCR,25,28,25,31,mid,25,28,25,31,(1),1,binary
BinaryGlobal.MUT244.c,CRCR,25,28,25,31,mid,25,28,25,33,(2147483647),max,binary
BinaryGlobal.MUT245.c,CRCR,25,28,25,31,mid,25,28,25,33,(-2147483648),min,binary
BinaryGlobal.MUT246.c,VGSR,25,28,25,31,mid,25,28,25,33,count,,binary
BinaryGlobal.MUT247.c,VLSR,25,28,25,31,mid,25,28,25,31,key,,binary
BinaryGlobal.MUT248.c,VLSR,25,28,25,31,mid,25,28,25,31,low,,binary
BinaryGlobal.MUT249.c,VLSR,25,28,25,31,mid,25,28,25,32,high,,binary
BinaryGlobal.MUT250.c,VTWD,25,28,25,31,mid,25,28,25,33,(mid+1),plus,binary
BinaryGlobal.MUT251.c,VTWD,25,28,25,31,mid,25,28,25,33,(mid-1),minus,binary
BinaryGlobal.MUT252.c,VGSR,27,17,27,20,low,27,17,27,22,count,,binary
BinaryGlobal.MUT253.c,VLSR,27,17,27,20,low,27,17,27,20,key,,binary
BinaryGlobal.MUT254.c,VLSR,27,17,27,20,low,27,17,27,21,high,,binary
BinaryGlobal.MUT255.c,VLSR,27,17,27,20,low,27,17,27,20,mid,,binary
BinaryGlobal.MUT256.c,OEAA,27,21,27,22,=,27,21,27,23,%=,=%=,binary
BinaryGlobal.MUT257.c,OEAA,27,21,27,22,=,27,21,27,23,*=,=*=,binary
BinaryGlobal.MUT258.c,OEAA,27,21,27,22,=,27,21,27,23,+=,=+=,binary
BinaryGlobal.MUT259.c,OEAA,27,21,27,22,=,27,21,27,23,-=,=-=,binary
BinaryGlobal.MUT260.c,OEAA,27,21,27,22,=,27,21,27,23,/=,=/=,binary
BinaryGlobal.MUT261.c,CGSR,27,23,27,26,mid,27,23,27,24,5,,binary
BinaryGlobal.MUT262.c,CLSR,27,23,27,26,mid,27,23,27,24,0,,binary
BinaryGlobal.MUT263.c,CLSR,27,23,27,26,mid,27,23,27,24,1,,binary
BinaryGlobal.MUT264.c,CLSR,27,23,27,26,mid,27,23,27,24,2,,binary
BinaryGlobal.MUT265.c,CRCR,27,23,27,26,mid,27,23,27,27,(-1),-1,binary
BinaryGlobal.MUT266.c,CRCR,27,23,27,26,mid,27,23,27,26,(0),0,binary
BinaryGlobal.MUT267.c,CRCR,27,23,27,26,mid,27,23,27,26,(1),1,binary
BinaryGlobal.MUT268.c,CRCR,27,23,27,26,mid,27,23,27,31,(2147483647),max,binary
BinaryGlobal.MUT269.c,CRCR,27,23,27,26,mid,27,23,27,31,(-2147483648),min,binary
BinaryGlobal.MUT270.c,VGSR,27,23,27,26,mid,27,23,27,28,count,,binary
BinaryGlobal.MUT271.c,VLSR,27,23,27,26,mid,27,23,27,26,key,,binary
BinaryGlobal.MUT272.c,VLSR,27,23,27,26,mid,27,23,27,26,low,,binary
BinaryGlobal.MUT273.c,VLSR,27,23,27,26,mid,27,23,27,27,high,,binary
BinaryGlobal.MUT274.c,VTWD,27,23,27,26,mid,27,23,27,30,(mid+1),plus,binary
BinaryGlobal.MUT275.c,VTWD,27,23,27,26,mid,27,23,27,30,(mid-1),minus,binary
BinaryGlobal.MUT276.c,OAAN,27,27,27,28,+,27,27,27,28,%,+%,binary
BinaryGlobal.MUT277.c,OAAN,27,27,27,28,+,27,27,27,28,*,+*,binary
BinaryGlobal.MUT278.c,OAAN,27,27,27,28,+,27,27,27,28,-,+-,binary
BinaryGlobal.MUT279.c,OAAN,27,27,27,28,+,27,27,27,28,/,+/,binary
BinaryGlobal.MUT280.c,CGCR,27,29,27,30,1,27,29,27,30,5,,binary
BinaryGlobal.MUT281.c,CLCR,27,29,27,30,1,27,29,27,30,0,,binary
BinaryGlobal.MUT282.c,CLCR,27,29,27,30,1,27,29,27,30,2,,binary
BinaryGlobal.MUT283.c,CGSR,31,24,31,27,mid,31,24,31,25,5,,binary
BinaryGlobal.MUT284.c,CLSR,31,24,31,27,mid,31,24,31,25,0,,binary
BinaryGlobal.MUT285.c,CLSR,31,24,31,27,mid,31,24,31,25,1,,binary
BinaryGlobal.MUT286.c,CLSR,31,24,31,27,mid,31,24,31,25,2,,binary
BinaryGlobal.MUT287.c,CRCR,31,24,31,27,mid,31,24,31,28,(-1),-1,binary
BinaryGlobal.MUT288.c,CRCR,31,24,31,27,mid,31,24,31,27,(0),0,binary
BinaryGlobal.MUT289.c,CRCR,31,24,31,27,mid,31,24,31,27,(1),1,binary
BinaryGlobal.MUT290.c,CRCR,31,24,31,27,mid,31,24,31,28,(2147483647),max,binary
BinaryGlobal.MUT291.c,CRCR,31,24,31,27,mid,31,24,31,28,(-2147483648),min,binary
BinaryGlobal.MUT292.c,VGSR,31,24,31,27,mid,31,24,31,28,count,,binary
BinaryGlobal.MUT293.c,VLSR,31,24,31,27,mid,31,24,31,27,key,,binary
BinaryGlobal.MUT294.c,VLSR,31,24,31,27,mid,31,24,31,27,low,,binary
BinaryGlobal.MUT295.c,VLSR,31,24,31,27,mid,31,24,31,28,high,,binary
BinaryGlobal.MUT296.c,VTWD,31,24,31,27,mid,31,24,31,28,(mid+1),plus,binary
BinaryGlobal.MUT297.c,VTWD,31,24,31,27,mid,31,24,31,28,(mid-1),minus,binary
BinaryGlobal.MUT298.c,CGCR,35,13,35,14,1,35,13,35,14,5,,binary
BinaryGlobal.MUT299.c,CLCR,35,13,35,14,1,35,13,35,14,0,,binary
BinaryGlobal.MUT300.c,CLCR,35,13,35,14,1,35,13,35,14,2,,binary
